associations	POST	/associations/relations	create-relation	Create Relation for you associated entities.	[{"bearer":["associations/relation.write"]}]
associations	GET	/associations/relations/{recordId}	get-relations-by-record-id	Get all relations By record Id	[{"bearer":["associations/relation.readonly"]}]
associations	DELETE	/associations/relations/{relationId}	delete-relation	Delete Relation	[{"bearer":["associations/relation.write"]}]
associations	GET	/associations/key/{key_name}	get-association-key-by-key-name	Get association key by key name	[{"bearer":["associations.readonly"]}]
associations	GET	/associations/objectKey/{objectKey}	get-association-by-object-keys	Get association by object keys	[{"bearer":["associations.readonly"]}]
associations	PUT	/associations/{associationId}	update-association	Update Association By Id	[{"bearer":["associations.write"]}]
associations	DELETE	/associations/{associationId}	delete-association	Delete Association	[{"bearer":["associations.write"]}]
associations	GET	/associations/{associationId}	get-association-by-ID	Get association by ID	[{"bearer":["associations.readonly"]}]
associations	POST	/associations/	create-association	Create Association	[{"bearer":["associations.write"]}]
associations	GET	/associations/	find-associations	Get all associations for a sub-account / location	[{"bearer":["associations.readonly"]}]
blogs	GET	/blogs/posts/url-slug-exists	check-url-slug-exists	Check url slug	[{"Location-Access":["blogs/check-slug.readonly"]}]
blogs	PUT	/blogs/posts/{postId}	update-blog-post	Update Blog Post	[{"Location-Access":["blogs/post-update.write"]}]
blogs	POST	/blogs/posts	create-blog-post	Create Blog Post	[{"Location-Access":["blogs/post.write"]}]
blogs	GET	/blogs/authors	get-all-blog-authors-by-location	Get all authors	[{"Location-Access":["blogs/author.readonly"]}]
blogs	GET	/blogs/categories	get-all-categories-by-location	Get all categories	[{"Location-Access":["blogs/category.readonly"]}]
blogs	GET	/blogs/posts/all	get-blog-post	Get Blog posts by Blog ID	[{"Location-Access":["blogs/posts.readonly"]}]
blogs	GET	/blogs/site/all	get-blogs	Get Blogs by Location ID	[{"Location-Access":["blogs/list.readonly"]}]
businesses	PUT	/businesses/{businessId}	update-business	Update Business	[{"bearer":["businesses.write"]}]
businesses	DELETE	/businesses/{businessId}	delete-Business	Delete Business	[{"bearer":["businesses.write"]}]
businesses	GET	/businesses/{businessId}	get-business	Get Business	[{"bearer":["businesses.readonly"]}]
businesses	GET	/businesses/	get-businesses-by-location	Get Businesses by Location	[{"bearer":["businesses.readonly"]}]
businesses	POST	/businesses/	create-business	Create Business	[{"bearer":["businesses.write"]}]
calendars	GET	/calendars/groups	get-groups	Get Groups	[{"bearer":["calendars/groups.readonly"]}]
calendars	POST	/calendars/groups	create-calendar-group	Create Calendar Group	[{"bearer":["calendars/groups.write"]}]
calendars	POST	/calendars/groups/validate-slug	validate-groups-slug	Validate group slug	[{"bearer":["calendars/groups.write"]}]
calendars	DELETE	/calendars/groups/{groupId}	delete-group	Delete Group	[{"bearer":["calendars/groups.write"]}]
calendars	PUT	/calendars/groups/{groupId}	edit-group	Update Group	[{"bearer":["calendars/groups.write"]}]
calendars	PUT	/calendars/groups/{groupId}/status	disable-group	Disable Group	[{"bearer":["calendars/groups.write"]}]
calendars	POST	/calendars/events/appointments	create-appointment	Create appointment	[{"bearer":["calendars/events.write"]}]
calendars	PUT	/calendars/events/appointments/{eventId}	edit-appointment	Update Appointment	[{"bearer":["calendars/events.write"]}]
calendars	GET	/calendars/events/appointments/{eventId}	get-appointment	Get Appointment	[{"bearer":["calendars/events.readonly"]}]
calendars	GET	/calendars/events	get-calendar-events	Get Calendar Events	[{"bearer":["calendars/events.readonly"]}]
calendars	GET	/calendars/blocked-slots	get-blocked-slots	Get Blocked Slots	[{"bearer":["calendars/events.readonly"]}]
calendars	POST	/calendars/events/block-slots	create-block-slot	Create Block Slot	[{"bearer":["calendars/events.write"]}]
calendars	PUT	/calendars/events/block-slots/{eventId}	edit-block-slot	Update Block Slot	[{"bearer":["calendars/events.write"]}]
calendars	GET	/calendars/{calendarId}/free-slots	get-slots	Get Free Slots	[{"bearer":["calendars.readonly"]}]
calendars	PUT	/calendars/{calendarId}	update-calendar	Update Calendar	[{"bearer":["calendars.write"]}]
calendars	GET	/calendars/{calendarId}	get-calendar	Get Calendar	[{"bearer":["calendars.readonly"]}]
calendars	DELETE	/calendars/{calendarId}	delete-calendar	Delete Calendar	[{"bearer":["calendars.write"]}]
calendars	DELETE	/calendars/events/{eventId}	delete-event	Delete Event	[{"bearer":["calendars/events.write"]}]
calendars	GET	/calendars/appointments/{appointmentId}/notes	get-appointment-notes	Get Notes	[{"bearer":["calendars/events.readonly"]}]
calendars	POST	/calendars/appointments/{appointmentId}/notes	create-appointment-note	Create Note	[{"bearer":["calendars/events.write"]}]
calendars	PUT	/calendars/appointments/{appointmentId}/notes/{noteId}	update-appointment-note	Update Note	[{"bearer":["calendars/events.write"]}]
calendars	DELETE	/calendars/appointments/{appointmentId}/notes/{noteId}	delete-appointment-note	Delete Note	[{"bearer":["calendars/events.write"]}]
calendars	GET	/calendars/resources/{resourceType}/{id}	get-calendar-resource	Get Calendar Resource	[{"Location-Access":["calendars/resources.readonly"]}]
calendars	PUT	/calendars/resources/{resourceType}/{id}	update-calendar-resource	Update Calendar Resource	[{"Location-Access":["calendars/resources.write"]}]
calendars	DELETE	/calendars/resources/{resourceType}/{id}	delete-calendar-resource	Delete Calendar Resource	[{"Location-Access":["calendars/resources.write"]}]
calendars	GET	/calendars/resources/{resourceType}	fetch-calendar-resources	List Calendar Resources	[{"Location-Access":["calendars/resources.readonly"]}]
calendars	POST	/calendars/resources/{resourceType}	create-calendar-resource	Create Calendar Resource	[{"Location-Access":["calendars/resources.write"]}]
calendars	GET	/calendars/{calendarId}/notifications	get-event-notification	Get notifications	[{"bearer":["calendars/events.readonly"]}]
calendars	POST	/calendars/{calendarId}/notifications	create-event-notification	Create notification	[{"bearer":["calendars/events.write"]}]
calendars	GET	/calendars/{calendarId}/notifications/{notificationId}	find-event-notification	Get notification	[{"bearer":["calendars/events.readonly"]}]
calendars	PUT	/calendars/{calendarId}/notifications/{notificationId}	update-event-notification	Update notification	[{"bearer":["calendars/events.write"]}]
calendars	DELETE	/calendars/{calendarId}/notifications/{notificationId}	delete-event-notification	Delete Notification	[{"bearer":["calendars/events.write"]}]
calendars	GET	/calendars/	get-calendars	Get Calendars	[{"bearer":["calendars.readonly"]}]
calendars	POST	/calendars/	create-calendar	Create Calendar	[{"bearer":["calendars.write"]}]
campaigns	GET	/campaigns/	get-campaigns	Get Campaigns	[{"bearer":["campaigns.readonly"]}]
companies	GET	/companies/{companyId}	get-company	Get Company	[{"Agency-Access":["companies.readonly"]}]
contacts	POST	/contacts/search	search-contacts-advanced	Search Contacts	[{"bearer":["contacts.readonly"]}]
contacts	GET	/contacts/search/duplicate	get-duplicate-contact	Get Duplicate Contact	[{"bearer":["contacts.readonly"]}]
contacts	GET	/contacts/{contactId}/tasks	get-all-tasks	Get all Tasks	[{"bearer":["contacts.readonly"]}]
contacts	POST	/contacts/{contactId}/tasks	create-task	Create Task	[{"bearer":["contacts.write"]}]
contacts	GET	/contacts/{contactId}/tasks/{taskId}	get-task	Get Task	[{"bearer":["contacts.readonly"]}]
contacts	PUT	/contacts/{contactId}/tasks/{taskId}	update-task	Update Task	[{"bearer":["contacts.write"]}]
contacts	DELETE	/contacts/{contactId}/tasks/{taskId}	delete-task	Delete Task	[{"bearer":["contacts.write"]}]
contacts	PUT	/contacts/{contactId}/tasks/{taskId}/completed	update-task-completed	Update Task Completed	[{"bearer":["contacts.write"]}]
contacts	GET	/contacts/{contactId}/appointments	get-appointments-for-contact	Get Appointments for Contact	[{"bearer":["contacts.readonly"]}]
contacts	POST	/contacts/{contactId}/tags	add-tags	Add Tags	[{"bearer":["contacts.write"]}]
contacts	DELETE	/contacts/{contactId}/tags	remove-tags	Remove Tags	[{"bearer":["contacts.write"]}]
contacts	GET	/contacts/{contactId}/notes	get-all-notes	Get All Notes	[{"bearer":["contacts.readonly"]}]
contacts	POST	/contacts/{contactId}/notes	create-note	Create Note	[{"bearer":["contacts.write"]}]
contacts	GET	/contacts/{contactId}/notes/{id}	get-note	Get Note	[{"bearer":["contacts.readonly"]}]
contacts	PUT	/contacts/{contactId}/notes/{id}	update-note	Update Note	[{"bearer":["contacts.write"]}]
contacts	DELETE	/contacts/{contactId}/notes/{id}	delete-note	Delete Note	[{"bearer":["contacts.write"]}]
contacts	POST	/contacts/bulk/tags/update/{type}	create-association	Update Contacts Tags	[]
contacts	POST	/contacts/bulk/business	add-remove-contact-from-business	Add/Remove Contacts From Business	[]
contacts	GET	/contacts/{contactId}	get-contact	Get Contact	[{"bearer":["contacts.readonly"]}]
contacts	PUT	/contacts/{contactId}	update-contact	Update Contact	[{"bearer":["contacts.write"]}]
contacts	DELETE	/contacts/{contactId}	delete-contact	Delete Contact	[{"bearer":["contacts.write"]}]
contacts	POST	/contacts/upsert	upsert-contact	Upsert Contact	[{"bearer":["contacts.write"]}]
contacts	GET	/contacts/business/{businessId}	get-contacts-by-businessId	Get Contacts By BusinessId	[{"bearer":["contacts.readonly"]}]
contacts	POST	/contacts/{contactId}/followers	add-followers-contact	Add Followers	[{"bearer":["contacts.write"]}]
contacts	DELETE	/contacts/{contactId}/followers	remove-followers-contact	Remove Followers	[{"bearer":["contacts.write"]}]
contacts	POST	/contacts/{contactId}/campaigns/{campaignId}	add-contact-to-campaign	Add Contact to Campaign	[{"bearer":["contacts.write"]}]
contacts	DELETE	/contacts/{contactId}/campaigns/{campaignId}	remove-contact-from-campaign	Remove Contact From Campaign	[{"bearer":["contacts.write"]}]
contacts	DELETE	/contacts/{contactId}/campaigns/removeAll	remove-contact-from-every-campaign	Remove Contact From Every Campaign	[{"bearer":["contacts.write"]}]
contacts	POST	/contacts/{contactId}/workflow/{workflowId}	add-contact-to-workflow	Add Contact to Workflow	[{"bearer":["contacts.write"]}]
contacts	DELETE	/contacts/{contactId}/workflow/{workflowId}	delete-contact-from-workflow	Delete Contact from Workflow	[{"bearer":["contacts.write"]}]
contacts	POST	/contacts/	create-contact	Create Contact	[{"bearer":["contacts.write"]}]
contacts	GET	/contacts/	get-contacts	Get Contacts	[{"bearer":["contacts.readonly"]}]
conversations	GET	/conversations/search	search-conversation	Search Conversations	[{"bearer":["conversations.readonly"]}]
conversations	GET	/conversations/{conversationId}	get-conversation	Get Conversation	[{"bearer":["conversations.readonly"]}]
conversations	PUT	/conversations/{conversationId}	update-conversation	Update Conversation	[{"bearer":["conversations.write"]}]
conversations	DELETE	/conversations/{conversationId}	delete-conversation	Delete Conversation	[{"bearer":["conversations.write"]}]
conversations	GET	/conversations/messages/email/{id}	get-email-by-id	Get email by Id	[]
conversations	DELETE	/conversations/messages/email/{emailMessageId}/schedule	cancel-scheduled-email-message	Cancel a scheduled email message.	[]
conversations	GET	/conversations/messages/{id}	get-message	Get message by message id	[{"bearer":["conversations/message.readonly"]}]
conversations	GET	/conversations/{conversationId}/messages	get-messages	Get messages by conversation id	[{"bearer":["conversations/message.readonly"]}]
conversations	POST	/conversations/messages	send-a-new-message	Send a new message	[{"bearer":["conversations/message.write"]}]
conversations	POST	/conversations/messages/inbound	add-an-inbound-message	Add an inbound message	[{"bearer":["conversations/message.write"]}]
conversations	POST	/conversations/messages/outbound	add-an-outbound-message	Add an external outbound call	[{"bearer":["conversations/message.write"]}]
conversations	DELETE	/conversations/messages/{messageId}/schedule	cancel-scheduled-message	Cancel a scheduled message.	[{"bearer":["conversations/message.write"]}]
conversations	POST	/conversations/messages/upload	upload-file-attachments	Upload file attachments	[{"bearer":["conversations/message.write"]}]
conversations	PUT	/conversations/messages/{messageId}/status	update-message-status	Update message status	[{"bearer":["conversations/message.write"]}]
conversations	GET	/conversations/messages/{messageId}/locations/{locationId}/recording	get-message-recording	Get Recording by Message ID	[{"bearer":[]},{"Location-Access":[]}]
conversations	GET	/conversations/locations/{locationId}/messages/{messageId}/transcription	get-message-transcription	Get transcription by Message ID	[{"bearer":[]},{"Location-Access":[]}]
conversations	GET	/conversations/locations/{locationId}/messages/{messageId}/transcription/download	download-message-transcription	Download transcription by Message ID	[{"bearer":[]},{"Location-Access":[]}]
conversations	POST	/conversations/providers/live-chat/typing	live-chat-agent-typing	Agent/Ai-Bot is typing a message indicator for live chat	[{"Location-Access":["conversations/livechat.write"]}]
conversations	POST	/conversations/	create-conversation	Create Conversation	[{"bearer":["conversations.write"]}]
courses	POST	/courses/courses-exporter/public/import	import-courses	Import Courses	[{"bearer":[]}]
custom-fields	GET	/custom-fields/{id}	get-custom-field-by-id	Get Custom Field / Folder By Id	[{"bearer":["locations/customFields.readonly"]}]
custom-fields	PUT	/custom-fields/{id}	update-custom-field	Update Custom Field By Id	[{"bearer":["locations/customFields.write"]}]
custom-fields	DELETE	/custom-fields/{id}	delete-custom-field	Delete Custom Field By Id	[{"bearer":["locations/customFields.write"]}]
custom-fields	GET	/custom-fields/object-key/{objectKey}	get-custom-fields-by-object-key	Get Custom Fields By Object Key	[{"bearer":["locations/customFields.readonly"]}]
custom-fields	POST	/custom-fields/folder	create-custom-field-folder	Create Custom Field Folder	[{"bearer":["locations/customFields.write"]}]
custom-fields	PUT	/custom-fields/folder/{id}	update-custom-field-folder	Update Custom Field Folder Name	[{"bearer":["locations/customFields.write"]}]
custom-fields	DELETE	/custom-fields/folder/{id}	delete-custom-field-folder	Delete Custom Field Folder	[{"bearer":["locations/customFields.write"]}]
custom-fields	POST	/custom-fields/	create-custom-field	Create Custom Field	[{"bearer":["locations/customFields.write"]}]
custom-menus	GET	/custom-menus/{customMenuId}	get-custom-menu-by-id	Get Custom Menu Link	[{"Agency-Access":["custom-menu-link.readonly"]}]
custom-menus	DELETE	/custom-menus/{customMenuId}	delete-custom-menu	Delete Custom Menu Link	[{"Agency-Access":["custom-menu-link.write"]}]
custom-menus	PUT	/custom-menus/{customMenuId}	update-custom-menu	Update Custom Menu Link	[{"Agency-Access":["custom-menu-link.write"]}]
custom-menus	GET	/custom-menus/	get-custom-menus	Get Custom Menu Links	[{"Agency-Access":["custom-menu-link.readonly"]}]
custom-menus	POST	/custom-menus/	create-custom-menu	Create Custom Menu Link	[{"Agency-Access":["custom-menu-link.write"]}]
email-isv	POST	/email/verify	verify-email	Email Verification	[{"Location-Access":[]}]
emails	GET	/emails/schedule	fetch-campaigns	Get Campaigns	[{"Location-Access":["emails/schedule.readonly"]}]
emails	POST	/emails/builder	create-template	Create a new template	[{"Location-Access":["emails/builder.write"]}]
emails	GET	/emails/builder	fetch-template	Fetch email templates	[{"Location-Access":["emails/builder.readonly"]}]
emails	DELETE	/emails/builder/{locationId}/{templateId}	delete-template	Delete a template	[{"Location-Access":[]}]
emails	POST	/emails/builder/data	update-template	Update a template	[{"Location-Access":["emails/builder.write"]}]
forms	GET	/forms/submissions	get-forms-submissions	Get Forms Submissions	[{"bearer":["forms.readonly"]}]
forms	POST	/forms/upload-custom-files	upload-to-custom-fields	Upload files to custom fields	[{"bearer":["forms.write"]},{"Location-Access":["forms.write"]}]
forms	GET	/forms/	get-forms	Get Forms	[{"bearer":["forms.readonly"]}]
funnels	POST	/funnels/lookup/redirect	create-redirect	Create Redirect	[{"Location-Access":["funnels/redirect.write"]}]
funnels	PATCH	/funnels/lookup/redirect/{id}	update-redirect-by-id	Update Redirect By Id	[{"Location-Access":["funnels/redirect.write"]}]
funnels	DELETE	/funnels/lookup/redirect/{id}	delete-redirect-by-id	Delete Redirect By Id	[{"Location-Access":["funnels/redirect.write"]}]
funnels	GET	/funnels/lookup/redirect/list	fetch-redirects-list	Fetch List of Redirects	[{"Location-Access":["funnels/redirect.readonly"]}]
funnels	GET	/funnels/funnel/list	getFunnels	Fetch List of Funnels	[{"Location-Access":[]}]
funnels	GET	/funnels/page	getPagesByFunnelId	Fetch list of funnel pages	[{"Location-Access":[]}]
funnels	GET	/funnels/page/count	getPagesCountByFunnelId	Fetch count of funnel pages	[{"Location-Access":[]}]
invoices	POST	/invoices/template	create-invoice-template	Create template	[{"Location-Access":["invoices/template.write"]},{"Agency-Access":["invoices/template.write"]}]
invoices	GET	/invoices/template	list-invoice-templates	List templates	[{"Location-Access":["invoices/template.readonly"]},{"Agency-Access":["invoices/template.readonly"]}]
invoices	GET	/invoices/template/{templateId}	get-invoice-template	Get an template	[{"Location-Access":["invoices/template.readonly"]},{"Agency-Access":["invoices/template.readonly"]}]
invoices	PUT	/invoices/template/{templateId}	update-invoice-template	Update template	[{"Location-Access":["invoices/template.write"]},{"Agency-Access":["invoices/template.write"]}]
invoices	DELETE	/invoices/template/{templateId}	delete-invoice-template	Delete template	[{"Location-Access":["invoices/template.write"]},{"Agency-Access":["invoices/template.write"]}]
invoices	PATCH	/invoices/template/{templateId}/late-fees-configuration	update-invoice-template-late-fees-configuration	Update template late fees configuration	[{"Location-Access":[]},{"Agency-Access":[]}]
invoices	PATCH	/invoices/template/{templateId}/payment-methods-configuration	update-invoice-payment-methods-configuration	Update template late fees configuration	[{"Location-Access":[]},{"Agency-Access":[]}]
invoices	POST	/invoices/schedule	create-invoice-schedule	Create Invoice Schedule	[{"Location-Access":["invoices/schedule.write"]},{"Agency-Access":["invoices/schedule.write"]}]
invoices	GET	/invoices/schedule	list-invoice-schedules	List schedules	[{"Location-Access":["invoices/schedule.readonly"]},{"Agency-Access":["invoices/schedule.readonly"]}]
invoices	GET	/invoices/schedule/{scheduleId}	get-invoice-schedule	Get an schedule	[{"Location-Access":["invoices/schedule.readonly"]},{"Agency-Access":["invoices/schedule.readonly"]}]
invoices	PUT	/invoices/schedule/{scheduleId}	update-invoice-schedule	Update schedule	[{"Location-Access":["invoices/schedule.write"]},{"Agency-Access":["invoices/schedule.write"]}]
invoices	DELETE	/invoices/schedule/{scheduleId}	delete-invoice-schedule	Delete schedule	[{"Location-Access":["invoices/schedule.write"]},{"Agency-Access":["invoices/schedule.write"]}]
invoices	POST	/invoices/schedule/{scheduleId}/updateAndSchedule	update-and-schedule-invoice-schedule	Update scheduled recurring invoice	[{"Location-Access":["invoices/schedule.write"]},{"Agency-Access":["invoices/schedule.write"]}]
invoices	POST	/invoices/schedule/{scheduleId}/schedule	schedule-invoice-schedule	Schedule an schedule invoice	[{"Location-Access":["invoices/schedule.write"]},{"Agency-Access":["invoices/schedule.write"]}]
invoices	POST	/invoices/schedule/{scheduleId}/auto-payment	auto-payment-invoice-schedule	Manage Auto payment for an schedule invoice	[{"Location-Access":["invoices/schedule.write"]},{"Agency-Access":["invoices/schedule.write"]}]
invoices	POST	/invoices/schedule/{scheduleId}/cancel	cancel-invoice-schedule	Cancel an scheduled invoice	[{"Location-Access":["invoices/schedule.write"]},{"Agency-Access":["invoices/schedule.write"]}]
invoices	POST	/invoices/text2pay	text2pay-invoice	Create & Send	[{"Location-Access":["invoices.write"]}]
invoices	GET	/invoices/generate-invoice-number	generate-invoice-number	Generate Invoice Number	[{"Location-Access":["invoices.readonly"]},{"Agency-Access":["invoices.readonly"]}]
invoices	GET	/invoices/{invoiceId}	get-invoice	Get invoice	[{"Location-Access":["invoices.readonly"]},{"Agency-Access":["invoices.readonly"]}]
invoices	PUT	/invoices/{invoiceId}	update-invoice	Update invoice	[{"Location-Access":["invoices.write"]},{"Agency-Access":["invoices.write"]}]
invoices	DELETE	/invoices/{invoiceId}	delete-invoice	Delete invoice	[{"Location-Access":["invoices.write"]},{"Agency-Access":["invoices.write"]}]
invoices	PATCH	/invoices/{invoiceId}/late-fees-configuration	update-invoice-late-fees-configuration	Update invoice late fees configuration	[{"Location-Access":[]},{"Agency-Access":[]}]
invoices	POST	/invoices/{invoiceId}/void	void-invoice	Void invoice	[{"Location-Access":["invoices.write"]},{"Agency-Access":["invoices.write"]}]
invoices	POST	/invoices/{invoiceId}/send	send-invoice	Send invoice	[{"Location-Access":["invoices.write"]},{"Agency-Access":["invoices.write"]}]
invoices	POST	/invoices/{invoiceId}/record-payment	record-invoice	Record a manual payment for an invoice	[{"Location-Access":["invoices.write"]},{"Agency-Access":["invoices.write"]}]
invoices	PATCH	/invoices/stats/last-visited-at	update-invoice-last-visited-at	Update invoice last visited at	[{"Location-Access":[]},{"Agency-Access":[]}]
invoices	POST	/invoices/estimate	create-new-estimate	Create New Estimate	[{"Location-Access":["invoices/estimate.write"]},{"Agency-Access":["invoices/estimate.write"]}]
invoices	PUT	/invoices/estimate/{estimateId}	update-estimate	Update Estimate	[{"Location-Access":["invoices/estimate.write"]},{"Agency-Access":["invoices/estimate.write"]}]
invoices	DELETE	/invoices/estimate/{estimateId}	delete-estimate	Delete Estimate	[{"Location-Access":["invoices/estimate.write"]},{"Agency-Access":["invoices/estimate.write"]}]
invoices	GET	/invoices/estimate/number/generate	generate-estimate-number	Generate Estimate Number	[{"Location-Access":["invoices/estimate.readonly"]},{"Agency-Access":["invoices/estimate.readonly"]}]
invoices	POST	/invoices/estimate/{estimateId}/send	send-estimate	Send Estimate	[{"Location-Access":["invoices/estimate.write"]},{"Agency-Access":["invoices/estimate.write"]}]
invoices	POST	/invoices/estimate/{estimateId}/invoice	create-invoice-from-estimate	Create Invoice from Estimate	[{"Location-Access":["invoices/estimate.write"]},{"Agency-Access":["invoices/estimate.write"]}]
invoices	GET	/invoices/estimate/list	list-estimates	List Estimates	[{"Location-Access":["invoices/estimate.readonly"]},{"Agency-Access":["invoices/estimate.readonly"]}]
invoices	PATCH	/invoices/estimate/stats/last-visited-at	update-estimate-last-visited-at	Update estimate last visited at	[{"Location-Access":[]},{"Agency-Access":[]}]
invoices	GET	/invoices/estimate/template	list-estimate-templates	List Estimate Templates	[{"Location-Access":["invoices/estimate.readonly"]},{"Agency-Access":["invoices/estimate.readonly"]}]
invoices	POST	/invoices/estimate/template	create-estimate-template	Create Estimate Template	[{"Location-Access":["invoices/estimate.write"]},{"Agency-Access":["invoices/estimate.write"]}]
invoices	PUT	/invoices/estimate/template/{templateId}	update-estimate-template	Update Estimate Template	[{"Location-Access":["invoices/estimate.write"]},{"Agency-Access":["invoices/estimate.write"]}]
invoices	DELETE	/invoices/estimate/template/{templateId}	delete-estimate-template	Delete Estimate Template	[{"Location-Access":["invoices/estimate.write"]},{"Agency-Access":["invoices/estimate.write"]}]
invoices	GET	/invoices/estimate/template/preview	preview-estimate-template	Preview Estimate Template	[{"Location-Access":["invoices/estimate.readonly"]},{"Agency-Access":["invoices/estimate.readonly"]}]
invoices	POST	/invoices/	create-invoice	Create Invoice	[{"Location-Access":["invoices.write"]},{"Agency-Access":["invoices.write"]}]
invoices	GET	/invoices/	list-invoices	List invoices	[{"Location-Access":["invoices.readonly"]},{"Agency-Access":["invoices.readonly"]}]
links	GET	/links/id/{linkId}	get-link-by-id	Get Link by ID	[{"bearer":[]}]
links	PUT	/links/{linkId}	update-link	Update Link	[{"bearer":["links.write"]}]
links	DELETE	/links/{linkId}	delete-link	Delete Link	[{"bearer":["links.write"]}]
links	GET	/links/search	search-trigger-links	Search Trigger Links	[{"bearer":[]}]
links	GET	/links/	get-links	Get Links	[{"bearer":["links.readonly"]}]
links	POST	/links/	create-link	Create Link	[{"bearer":["links.write"]}]
locations	GET	/locations/search	search-locations	Search	[{"Agency-Access":["locations.readonly"]},{"Location-Access":["locations.readonly"]}]
locations	GET	/locations/{locationId}	get-location	Get Sub-Account (Formerly Location)	[{"Location-Access":["locations.readonly"]},{"Agency-Access":["locations.readonly"]}]
locations	PUT	/locations/{locationId}	put-location	Put Sub-Account (Formerly Location)	[{"Agency-Access":["locations.write"]}]
locations	DELETE	/locations/{locationId}	delete-location	Delete Sub-Account (Formerly Location)	[{"Agency-Access":["locations.internal-access-only"]}]
locations	GET	/locations/{locationId}/tags	get-location-tags	Get Tags	[{"bearer":["locations/tags.readonly"]}]
locations	POST	/locations/{locationId}/tags	create-tag	Create Tag	[{"bearer":["locations/tags.write"]}]
locations	GET	/locations/{locationId}/tags/{tagId}	get-tag-by-id	Get tag by id	[{"bearer":[]}]
locations	PUT	/locations/{locationId}/tags/{tagId}	update-tag	Update tag	[{"bearer":[]}]
locations	DELETE	/locations/{locationId}/tags/{tagId}	delete-tag	Delete tag	[{"bearer":[]}]
locations	POST	/locations/{locationId}/tasks/search	task-search	Task Search Filter	[{"bearer":["locations/tasks.readonly"]}]
locations	GET	/locations/{locationId}/recurring-tasks/{id}	get-recurring-task-by-id	Get Recurring Task By Id	[{"bearer":[]}]
locations	PUT	/locations/{locationId}/recurring-tasks/{id}	update-recurring-task	Update Recurring Task	[{"bearer":[]}]
locations	DELETE	/locations/{locationId}/recurring-tasks/{id}	delete-recurring-task	Delete Recurring Task	[{"bearer":[]}]
locations	POST	/locations/{locationId}/recurring-tasks	create-recurring-task	Create Recurring Task	[{"bearer":[]}]
locations	GET	/locations/{locationId}/customFields	get-custom-fields	Get Custom Fields	[{"bearer":["locations/customFields.readonly"]}]
locations	POST	/locations/{locationId}/customFields	create-custom-field	Create Custom Field	[{"bearer":["locations/customFields.write"]}]
locations	GET	/locations/{locationId}/customFields/{id}	get-custom-field	Get Custom Field	[{"bearer":[]}]
locations	PUT	/locations/{locationId}/customFields/{id}	update-custom-field	Update Custom Field	[{"bearer":[]}]
locations	DELETE	/locations/{locationId}/customFields/{id}	delete-custom-field	Delete Custom Field	[{"bearer":[]}]
locations	POST	/locations/{locationId}/customFields/upload	upload-file-customFields	Uploads File to customFields	[{"bearer":["locations/customFields.write"]}]
locations	GET	/locations/{locationId}/customValues	get-custom-values	Get Custom Values	[{"bearer":["locations/customValues.readonly"]}]
locations	POST	/locations/{locationId}/customValues	create-custom-value	Create Custom Value	[{"bearer":["locations/customValues.write"]}]
locations	GET	/locations/{locationId}/customValues/{id}	get-custom-value	Get Custom Value	[{"bearer":[]}]
locations	PUT	/locations/{locationId}/customValues/{id}	update-custom-value	Update Custom Value	[{"bearer":[]}]
locations	DELETE	/locations/{locationId}/customValues/{id}	delete-custom-value	Delete Custom Value	[{"bearer":[]}]
locations	GET	/locations/{locationId}/timezones	get-timezones	Fetch Timezones	[{"bearer":["locations.readonly"]},{"Location-Access":["locations.readonly"]}]
locations	GET	/locations/{locationId}/templates	GET-all-or-email-sms-templates	GET all or email/sms templates	[{"bearer":["locations/templates.readonly"]}]
locations	DELETE	/locations/{locationId}/templates/{id}	DELETE-an-email-sms-template	DELETE an email/sms template	[{"bearer":[]}]
locations	POST	/locations/	create-location	Create Sub-Account (Formerly Location)	[{"Agency-Access":["locations.write"]}]
marketplace	POST	/marketplace/billing/charges	charge	Create a new wallet charge	[{"Location-Access-Only":["charges.write"]}]
marketplace	GET	/marketplace/billing/charges	getCharges	Get all wallet charges	[{"Location-Access-Only":["charges.readonly"]}]
marketplace	DELETE	/marketplace/billing/charges/{chargeId}	deleteCharge	Delete a wallet charge	[{"Location-Access-Only":["charges.write"]}]
marketplace	GET	/marketplace/billing/charges/{chargeId}	getSpecificCharge	Get specific wallet charge details	[{"Location-Access-Only":["charges.readonly"]}]
marketplace	GET	/marketplace/billing/charges/has-funds	hasFunds	Check if account has sufficient funds	[{"Location-Access-Only":["charges.readonly"]}]
marketplace	DELETE	/marketplace/app/{appId}/installations	uninstall-application	Uninstall an application	[{"Location-Access-Only":[]},{"Agency-Access":[]}]
marketplace	GET	/marketplace/app/{appId}/installations	get-installer-details	Get Installer Details	[]
medias	GET	/medias/files	fetch-media-content	Get List of Files/ Folders	[{"Location-Access":["medias.readonly"]}]
medias	POST	/medias/upload-file	upload-media-content	Upload File into Media Library	[{"Location-Access":["medias.write"]}]
medias	DELETE	/medias/{id}	delete-media-content	Delete File or Folder	[{"Location-Access":["medias.write"]}]
medias	POST	/medias/{id}	update-media-object	Update File/ Folder	[{"Location-Access":[]}]
medias	POST	/medias/folder	create-media-folder	Create Folder	[{"Location-Access":[]}]
medias	PUT	/medias/update-files	bulk-update-media-objects	Bulk Update Files/ Folders	[{"Location-Access":[]}]
medias	PUT	/medias/delete-files	bulk-delete-media-objects	Bulk Delete / Trash Files or Folders	[{"Location-Access":[]}]
objects	GET	/objects/{key}	get-object-schema-by-key	Get Object Schema by key / id	[{"bearer":["objects/schema.readonly"]}]
objects	PUT	/objects/{key}	update-custom-object	Update Object Schema By Key / Id	[{"bearer":["objects/schema.write"]}]
objects	GET	/objects/{schemaKey}/records/{id}	get-record-by-id	Get Record By Id	[{"bearer":[]}]
objects	PUT	/objects/{schemaKey}/records/{id}	update-object-record	Update Record	[{"bearer":[]}]
objects	DELETE	/objects/{schemaKey}/records/{id}	delete-object-record	Delete Record	[{"bearer":[]}]
objects	POST	/objects/{schemaKey}/records	create-object-record	Create Record	[{"bearer":["objects/record.write"]}]
objects	POST	/objects/{schemaKey}/records/search	search-object-records	Search Object Records	[{"bearer":["objects/record.readonly"]}]
objects	GET	/objects/	get-object-by-location-id	Get all objects for a location	[{"bearer":["objects/schema.readonly"]}]
objects	POST	/objects/	create-custom-object-schema	Create Custom Object	[{"Agency-Access":["objects/schema.write"]}]
opportunities	GET	/opportunities/search	search-opportunity	Search Opportunity	[{"bearer":["opportunities.readonly"]}]
opportunities	GET	/opportunities/pipelines	get-pipelines	Get Pipelines	[{"bearer":["opportunities.readonly"]}]
opportunities	GET	/opportunities/{id}	get-opportunity	Get Opportunity	[{"bearer":["opportunities.readonly"]}]
opportunities	DELETE	/opportunities/{id}	delete-opportunity	Delete Opportunity	[{"bearer":["opportunities.write"]}]
opportunities	PUT	/opportunities/{id}	update-opportunity	Update Opportunity	[{"bearer":["opportunities.write"]}]
opportunities	PUT	/opportunities/{id}/status	update-opportunity-status	Update Opportunity Status	[{"bearer":["opportunities.write"]}]
opportunities	POST	/opportunities/upsert	Upsert-opportunity	Upsert Opportunity	[{"bearer":["opportunities.write"]}]
opportunities	POST	/opportunities/{id}/followers	add-followers-opportunity	Add Followers	[{"bearer":["opportunities.write"]}]
opportunities	DELETE	/opportunities/{id}/followers	remove-followers-opportunity	Remove Followers	[{"bearer":["opportunities.write"]}]
opportunities	POST	/opportunities/	create-opportunity	Create Opportunity	[{"bearer":["opportunities.write"]}]
payments	POST	/payments/integrations/provider/whitelabel	create-integration provider	Create White-label Integration Provider	[{"Location-Access":["payments/integration.write"]}]
payments	GET	/payments/integrations/provider/whitelabel	list-integration-providers	List White-label Integration Providers	[{"Location-Access":["payments/integration.readonly"]}]
payments	GET	/payments/orders	list-orders	List Orders	[{"Location-Access":["payments/orders.readonly"]}]
payments	GET	/payments/orders/{orderId}	get-order-by-id	Get Order by ID	[{"Location-Access":["payments/orders.readonly"]}]
payments	POST	/payments/orders/{orderId}/record-payment	record-order-payment	Record Order Payment	[{"Location-Access":["payments/orders.collectPayment"]}]
payments	POST	/payments/orders/migrate-order-ps	post-migrate-order-payment-status	migration Endpoint for Order Payment Status	[{"Location-Access":[]}]
payments	POST	/payments/orders/{orderId}/fulfillments	create-order-fulfillment	Create order fulfillment	[{"Location-Access":["payments/orders.write"]}]
payments	GET	/payments/orders/{orderId}/fulfillments	list-order-fulfillment	List fulfillment	[{"Location-Access":["payments/orders.readonly"]}]
payments	GET	/payments/orders/{orderId}/notes	list-order-notes	List Order Notes	[{"Location-Access":[]}]
payments	GET	/payments/transactions	list-transactions	List Transactions	[{"Location-Access":["payments/transactions.readonly"]}]
payments	GET	/payments/transactions/{transactionId}	get-transaction-by-id	Get Transaction by ID	[{"Location-Access":["payments/transactions.readonly"]}]
payments	GET	/payments/subscriptions	list-subscriptions	List Subscriptions	[{"Location-Access":["payments/subscriptions.readonly"]}]
payments	GET	/payments/subscriptions/{subscriptionId}	get-subscription-by-id	Get Subscription by ID	[{"Location-Access":["payments/subscriptions.readonly"]}]
payments	GET	/payments/coupon/list	list-coupons	List Coupons	[{"Location-Access":["payments/coupons.readonly"]}]
payments	POST	/payments/coupon	create-coupon	Create Coupon	[{"Location-Access":["payments/coupons.write"]}]
payments	PUT	/payments/coupon	update-coupon	Update Coupon	[{"Location-Access":["payments/coupons.write"]}]
payments	DELETE	/payments/coupon	delete-coupon	Delete Coupon	[{"Location-Access":["payments/coupons.write"]}]
payments	GET	/payments/coupon	get-coupon	Fetch Coupon	[{"Location-Access":["payments/coupons.readonly"]}]
payments	POST	/payments/custom-provider/provider	create-integration	Create new integration	[{"Location-Access":["payments/custom-provider.write"]}]
payments	DELETE	/payments/custom-provider/provider	delete-integration	Deleting an existing integration	[{"Location-Access":["payments/custom-provider.write"]}]
payments	GET	/payments/custom-provider/connect	fetch-config	Fetch given provider config	[{"Location-Access":["payments/custom-provider.readonly"]}]
payments	POST	/payments/custom-provider/connect	create-config	Create new provider config	[{"Location-Access":["payments/custom-provider.write"]}]
payments	POST	/payments/custom-provider/disconnect	disconnect-config	Disconnect existing provider config	[{"Location-Access":["payments/custom-provider.write"]}]
payments	PUT	/payments/custom-provider/capabilities	custom-provider-marketplace-app-update-capabilities	Custom-provider marketplace app update capabilities	[{"Location-Access":["payments/custom-provider.write"]}]
phone-system	GET	/phone-system/number-pools	getNumberPoolList	List Number Pools	[{"Location-Access":["numberpools.read"]}]
phone-system	GET	/phone-system/numbers/location/{locationId}	active-numbers	List active numbers	[{"Location-Access":["phonenumbers.read"]}]
products	POST	/products/bulk-update	bulkUpdate	Bulk Update Products	[{"Location-Access":["products.write"]}]
products	POST	/products/bulk-update/edit	bulkEdit	Bulk Edit Products and Prices	[]
products	POST	/products/{productId}/price	create-price-for-product	Create Price for a Product	[{"Location-Access":["products/prices.write"]},{"Agency-Access":["products/prices.write"]}]
products	GET	/products/{productId}/price	list-prices-for-product	List Prices for a Product	[{"Location-Access":["products/prices.readonly"]},{"Agency-Access":["products/prices.readonly"]}]
products	GET	/products/inventory	get-list-inventory	List Inventory	[{"Location-Access":["products/prices.readonly"]},{"Agency-Access":["products/prices.readonly"]}]
products	POST	/products/inventory	update-inventory	Update Inventory	[{"Location-Access":["products/prices.write"]},{"Agency-Access":["products/prices.write"]}]
products	GET	/products/{productId}/price/{priceId}	get-price-by-id-for-product	Get Price by ID for a Product	[{"Location-Access":["products/prices.readonly"]},{"Agency-Access":["products/prices.readonly"]}]
products	PUT	/products/{productId}/price/{priceId}	update-price-by-id-for-product	Update Price by ID for a Product	[{"Location-Access":["products/prices.write"]},{"Agency-Access":["products/prices.write"]}]
products	DELETE	/products/{productId}/price/{priceId}	delete-price-by-id-for-product	Delete Price by ID for a Product	[{"Location-Access":["products/prices.write"]},{"Agency-Access":["products/prices.write"]}]
products	GET	/products/store/{storeId}/stats	get-product-store-stats	Fetch Product Store Stats	[{"Location-Access":["products.readonly"]}]
products	POST	/products/store/{storeId}	update-store-status	Action to include/exclude the product in store	[{"Location-Access":["products.write"]}]
products	POST	/products/store/{storeId}/priority	update-display-priority	Update product display priorities in store	[{"Location-Access":[]}]
products	GET	/products/collections	get-product-collection	Fetch Product Collections	[{"Location-Access":["products/collection.readonly"]}]
products	POST	/products/collections	create-product-collection	Create Product Collection	[{"Location-Access":["products/collection.write"]}]
products	GET	/products/collections/{collectionId}	get-product-collection-id	Get Details about individual product collection	[{"Location-Access":["products/collection.readonly"]}]
products	PUT	/products/collections/{collectionId}	update-product-collection	Update Product Collection	[{"Location-Access":["products/collection.write"]}]
products	DELETE	/products/collections/{collectionId}	delete-product-collection	Delete Product Collection	[{"Location-Access":["products/collection.write"]}]
products	GET	/products/reviews	get-product-reviews	Fetch Product Reviews	[{"Location-Access":["products.readonly"]}]
products	GET	/products/reviews/count	get-reviews-count	Fetch Review Count as per status	[{"Location-Access":["products.readonly"]}]
products	PUT	/products/reviews/{reviewId}	update-product-review	Update Product Reviews	[{"Location-Access":["products.write"]}]
products	DELETE	/products/reviews/{reviewId}	delete-product-review	Delete Product Review	[{"Location-Access":["products.write"]}]
products	POST	/products/reviews/bulk-update	bulk-update-product-review	Update Product Reviews	[{"Location-Access":["products.write"]}]
products	GET	/products/{productId}	get-product-by-id	Get Product by ID	[{"Location-Access":["products.readonly"]},{"Agency-Access":["products.readonly"]}]
products	DELETE	/products/{productId}	delete-product-by-id	Delete Product by ID	[{"Location-Access":["products.write"]},{"Agency-Access":["products.write"]}]
products	PUT	/products/{productId}	update-product-by-id	Update Product by ID	[{"Location-Access":["products.write"]},{"Agency-Access":["products.write"]}]
products	POST	/products/	create-product	Create Product	[{"Location-Access":["products.write"]},{"Agency-Access":["products.write"]}]
products	GET	/products/	list-invoices	List Products	[{"Location-Access":["products.readonly"]},{"Agency-Access":["products.readonly"]}]
proposals	GET	/proposals/document	list-documents-contracts	List documents	[{"Location-Access":[]},{"Agency-Access":[]}]
proposals	POST	/proposals/document/send	send-documents-contracts	Send document	[{"Location-Access":[]},{"Agency-Access":[]}]
proposals	GET	/proposals/templates	list-documents-contracts-templates	List templates	[{"Location-Access":[]},{"Agency-Access":[]}]
proposals	POST	/proposals/templates/send	send-documents-contracts-template	Send template	[{"Location-Access":[]},{"Agency-Access":[]}]
saas-api	GET	/saas-api/public-api/locations	locations-deprecated	Get locations by stripeId with companyId	[{"Agency-Access":[]}]
saas-api	PUT	/saas-api/public-api/update-saas-subscription/{locationId}	update-saas-subscription-deprecated	Update SaaS subscription	[{"Agency-Access":[]}]
saas-api	POST	/saas-api/public-api/bulk-disable-saas/{companyId}	bulk-disable-saas-deprecated	Disable SaaS for locations	[{"Agency-Access":[]}]
saas-api	POST	/saas-api/public-api/enable-saas/{locationId}	enable-saas-location-deprecated	Enable SaaS for Sub-Account (Formerly Location)	[{"Agency-Access":[]}]
saas-api	POST	/saas-api/public-api/pause/{locationId}	pause-location-deprecated	Pause location	[{"Agency-Access":[]}]
saas-api	POST	/saas-api/public-api/update-rebilling/{companyId}	update-rebilling-deprecated	Update Rebilling	[{"Agency-Access":[]}]
saas-api	GET	/saas-api/public-api/agency-plans/{companyId}	get-agency-plans-deprecated	Get Agency Plans	[{"Agency-Access":[]}]
saas-api	GET	/saas-api/public-api/get-saas-subscription/{locationId}	get-location-subscription-deprecated	Get Location Subscription Details	[{"Agency-Access":[]}]
saas-api	POST	/saas-api/public-api/bulk-enable-saas/{companyId}	bulk-enable-saas-deprecated	Bulk Enable SaaS	[{"Agency-Access":[]}]
saas-api	GET	/saas-api/public-api/saas-locations/{companyId}	get-saas-locations-deprecated	Get SaaS Locations	[{"Agency-Access":[]}]
saas-api	GET	/saas-api/public-api/saas-plan/{planId}	get-saas-plan-deprecated	Get SaaS Plan	[{"Agency-Access":[]}]
saas-api	GET	/saas/locations	locations	Get locations by stripeId with companyId	[{"Agency-Access":[]}]
saas-api	PUT	/saas/update-saas-subscription/{locationId}	generate-payment-link	Update SaaS subscription	[{"Agency-Access":[]}]
saas-api	POST	/saas/bulk-disable-saas/{companyId}	bulk-disable-saas	Disable SaaS for locations	[{"Agency-Access":[]}]
saas-api	POST	/saas/enable-saas/{locationId}	enable-saas-location	Enable SaaS for Sub-Account (Formerly Location)	[{"Agency-Access":[]}]
saas-api	POST	/saas/pause/{locationId}	pause-location	Pause location	[{"Agency-Access":[]}]
saas-api	POST	/saas/update-rebilling/{companyId}	update-rebilling	Update Rebilling	[{"Agency-Access":[]}]
saas-api	GET	/saas/agency-plans/{companyId}	get-agency-plans	Get Agency Plans	[{"Agency-Access":[]}]
saas-api	GET	/saas/get-saas-subscription/{locationId}	get-location-subscription	Get Location Subscription Details	[{"Agency-Access":[]}]
saas-api	POST	/saas/bulk-enable-saas/{companyId}	bulk-enable-saas	Bulk Enable SaaS	[{"Agency-Access":[]}]
saas-api	GET	/saas/saas-locations/{companyId}	get-saas-locations	Get SaaS Locations	[{"Agency-Access":[]}]
saas-api	GET	/saas/saas-plan/{planId}	get-saas-plan	Get SaaS Plan	[{"Agency-Access":[]}]
snapshots	GET	/snapshots/	get-custom-snapshots	Get Snapshots	[{"Agency-Access":[]}]
snapshots	POST	/snapshots/share/link	create-snapshot-share-link	Create Snapshot Share Link	[{"Agency-Access":[]}]
snapshots	GET	/snapshots/snapshot-status/{snapshotId}	get-snapshot-push	Get Snapshot Push between Dates	[{"Agency-Access":[]}]
snapshots	GET	/snapshots/snapshot-status/{snapshotId}/location/{locationId}	get-latest-snapshot-push	Get Last Snapshot Push	[{"Agency-Access":[]}]
social-media-posting	GET	/social-media-posting/oauth/google/start	start-google-oauth	Starts OAuth For Google Account	[{"bearer":["socialplanner/oauth.readonly"]}]
social-media-posting	GET	/social-media-posting/oauth/{locationId}/google/locations/{accountId}	get-google-locations	Get google business locations	[{"bearer":[]}]
social-media-posting	POST	/social-media-posting/oauth/{locationId}/google/locations/{accountId}	set-google-locations	Set google business locations	[{"bearer":[]}]
social-media-posting	POST	/social-media-posting/{locationId}/posts/list	get-posts	Get posts	[{"bearer":["socialplanner/post.readonly"]}]
social-media-posting	POST	/social-media-posting/{locationId}/posts	create-post	Create post	[{"bearer":["socialplanner/post.write"]}]
social-media-posting	GET	/social-media-posting/{locationId}/posts/{id}	get-post	Get post	[{"bearer":[]}]
social-media-posting	PUT	/social-media-posting/{locationId}/posts/{id}	edit-post	Edit post	[{"bearer":[]}]
social-media-posting	DELETE	/social-media-posting/{locationId}/posts/{id}	delete-post	Delete Post	[{"bearer":[]}]
social-media-posting	POST	/social-media-posting/{locationId}/posts/bulk-delete	bulk-delete-social-planner-posts	Bulk Delete Social Planner Posts	[]
social-media-posting	GET	/social-media-posting/{locationId}/accounts	get-account	Get Accounts	[{"bearer":["socialplanner/account.readonly"]}]
social-media-posting	DELETE	/social-media-posting/{locationId}/accounts/{id}	delete-account	Delete Account	[{"bearer":[]}]
social-media-posting	GET	/social-media-posting/oauth/facebook/start	start-facebook-oauth	Starts OAuth For Facebook Account	[{"bearer":[]}]
social-media-posting	GET	/social-media-posting/oauth/{locationId}/facebook/accounts/{accountId}	get-facebook-page-group	Get facebook pages	[{"bearer":[]}]
social-media-posting	POST	/social-media-posting/oauth/{locationId}/facebook/accounts/{accountId}	attach-facebook-page-group	Attach facebook pages	[{"bearer":[]}]
social-media-posting	GET	/social-media-posting/oauth/instagram/start	start-instagram-oauth	Starts OAuth For Instagram Account	[{"bearer":["socialplanner/oauth.readonly"]}]
social-media-posting	GET	/social-media-posting/oauth/{locationId}/instagram/accounts/{accountId}	get-instagram-page-group	Get Instagram Professional Accounts	[{"bearer":[]}]
social-media-posting	POST	/social-media-posting/oauth/{locationId}/instagram/accounts/{accountId}	attach-instagram-page-group	Attach Instagram Professional Accounts	[{"bearer":[]}]
social-media-posting	GET	/social-media-posting/oauth/linkedin/start	start-linkedin-oauth	Starts OAuth For LinkedIn Account	[{"bearer":[]}]
social-media-posting	GET	/social-media-posting/oauth/{locationId}/linkedin/accounts/{accountId}	get-linkedin-page-profile	Get Linkedin pages and profile	[{"bearer":[]}]
social-media-posting	POST	/social-media-posting/oauth/{locationId}/linkedin/accounts/{accountId}	attach-linkedin-page-profile	Attach linkedin pages and profile	[{"bearer":[]}]
social-media-posting	GET	/social-media-posting/oauth/twitter/start	start-twitter-oauth	Starts OAuth For Twitter Account	[{"bearer":["socialplanner/oauth.readonly"]}]
social-media-posting	GET	/social-media-posting/oauth/{locationId}/twitter/accounts/{accountId}	get-twitter-profile	Get Twitter profile	[]
social-media-posting	POST	/social-media-posting/oauth/{locationId}/twitter/accounts/{accountId}	attach-twitter-profile	Attach Twitter profile	[]
social-media-posting	POST	/social-media-posting/{locationId}/csv	upload-csv	Upload CSV	[{"bearer":["socialplanner/csv.write"]}]
social-media-posting	GET	/social-media-posting/{locationId}/csv	get-upload-status	Get Upload Status	[{"bearer":[]}]
social-media-posting	POST	/social-media-posting/{locationId}/set-accounts	set-accounts	Set Accounts	[{"bearer":["socialplanner/csv.write"]}]
social-media-posting	GET	/social-media-posting/{locationId}/csv/{id}	get-csv-post	Get CSV Post	[{"bearer":[]}]
social-media-posting	PATCH	/social-media-posting/{locationId}/csv/{id}	start-csv-finalize	Start CSV Finalize	[{"bearer":[]}]
social-media-posting	DELETE	/social-media-posting/{locationId}/csv/{id}	delete-csv	Delete CSV	[{"bearer":[]}]
social-media-posting	DELETE	/social-media-posting/{locationId}/csv/{csvId}/post/{postId}	delete-csv-post	Delete CSV Post	[{"bearer":[]}]
social-media-posting	GET	/social-media-posting/oauth/tiktok/start	start-tiktok-oauth	Starts OAuth For Tiktok Account	[{"bearer":["socialplanner/oauth.readonly"]}]
social-media-posting	GET	/social-media-posting/oauth/{locationId}/tiktok/accounts/{accountId}	get-tiktok-profile	Get Tiktok profile	[{"bearer":[]}]
social-media-posting	POST	/social-media-posting/oauth/{locationId}/tiktok/accounts/{accountId}	attach-tiktok-profile	Attach Tiktok profile	[{"bearer":[]}]
social-media-posting	GET	/social-media-posting/oauth/tiktok-business/start	start-tiktok-business-oauth	Starts OAuth For Tiktok Business Account	[{"bearer":["socialplanner/oauth.readonly"]}]
social-media-posting	GET	/social-media-posting/oauth/{locationId}/tiktok-business/accounts/{accountId}	get-tiktok-business-profile	Get Tiktok Business profile	[{"bearer":[]}]
social-media-posting	GET	/social-media-posting/{locationId}/categories	get-categories-location-id	Get categories by location id	[{"bearer":["socialplanner/category.readonly"]}]
social-media-posting	GET	/social-media-posting/{locationId}/categories/{id}	get-categories-id	Get categories by id	[{"bearer":[]}]
social-media-posting	GET	/social-media-posting/{locationId}/tags	get-tags-location-id	Get tags by location id	[{"bearer":[]}]
social-media-posting	POST	/social-media-posting/{locationId}/tags/details	get-tags-by-ids	Get tags by ids	[{"bearer":[]}]
social-media-posting	POST	/social-media-posting/statistics	get-social-media-statistics	Get Social Media Statistics	[]
store	POST	/store/shipping-zone	create-shipping-zone	Create Shipping Zone	[{"Location-Access":[]}]
store	GET	/store/shipping-zone	list-shipping-zones	List Shipping Zones	[{"Location-Access":[]}]
store	GET	/store/shipping-zone/{shippingZoneId}	get-shipping-zones	Get Shipping Zone	[{"Location-Access":[]}]
store	PUT	/store/shipping-zone/{shippingZoneId}	update-shipping-zone	Update Shipping Zone	[{"Location-Access":[]}]
store	DELETE	/store/shipping-zone/{shippingZoneId}	delete-shipping-zone	Delete shipping zone	[{"Location-Access":[]}]
store	POST	/store/shipping-zone/shipping-rates	get-available-shipping-zones	Get available shipping rates	[]
store	POST	/store/shipping-zone/{shippingZoneId}/shipping-rate	create-shipping-rate	Create Shipping Rate	[{"Location-Access":[]}]
store	GET	/store/shipping-zone/{shippingZoneId}/shipping-rate	list-shipping-rates	List Shipping Rates	[{"Location-Access":[]}]
store	GET	/store/shipping-zone/{shippingZoneId}/shipping-rate/{shippingRateId}	get-shipping-rates	Get Shipping Rate	[{"Location-Access":[]}]
store	PUT	/store/shipping-zone/{shippingZoneId}/shipping-rate/{shippingRateId}	update-shipping-rate	Update Shipping Rate	[{"Location-Access":[]}]
store	DELETE	/store/shipping-zone/{shippingZoneId}/shipping-rate/{shippingRateId}	delete-shipping-rate	Delete shipping rate	[{"Location-Access":[]}]
store	POST	/store/shipping-carrier	create-shipping-carrier	Create Shipping Carrier	[{"Location-Access":[]}]
store	GET	/store/shipping-carrier	list-shipping-carriers	List Shipping Carriers	[{"Location-Access":[]}]
store	GET	/store/shipping-carrier/{shippingCarrierId}	get-shipping-carriers	Get Shipping Carrier	[{"Location-Access":[]}]
store	PUT	/store/shipping-carrier/{shippingCarrierId}	update-shipping-carrier	Update Shipping Carrier	[{"Location-Access":[]}]
store	DELETE	/store/shipping-carrier/{shippingCarrierId}	delete-shipping-carrier	Delete shipping carrier	[{"Location-Access":[]}]
store	POST	/store/store-setting	create-store-setting	Create/Update Store Settings	[{"Location-Access":[]}]
store	GET	/store/store-setting	get-store-settings	Get Store Settings	[{"Location-Access":[]}]
surveys	GET	/surveys/submissions	get-surveys-submissions	Get Surveys Submissions	[{"bearer":["surveys.readonly"]}]
surveys	GET	/surveys/	get-surveys	Get Surveys	[{"bearer":["surveys.readonly"]}]
users	GET	/users/search	search-users	Search Users	[{"Agency-Access":["users.readonly"]},{"Location-Access":["users.readonly"]}]
users	POST	/users/search/filter-by-email	filter-users-by-email	Filter Users by Email	[{"Agency-Access":["users.readonly"]},{"Location-Access":["users.readonly"]}]
users	GET	/users/{userId}	get-user	Get User	[{"Agency-Access":["users.readonly"]},{"Location-Access":["users.readonly"]}]
users	PUT	/users/{userId}	update-user	Update User	[{"Agency-Access":["users.write"]},{"Location-Access":["users.write"]}]
users	DELETE	/users/{userId}	delete-user	Delete User	[{"Agency-Access":["users.write"]},{"Location-Access":["users.write"]}]
users	GET	/users/	get-user-by-location	Get User by Location	[{"Location-Access":["users.readonly"]}]
users	POST	/users/	create-user	Create User	[{"Agency-Access":["users.write"]},{"Location-Access":["users.write"]}]
voice-ai	POST	/voice-ai/agents	create-agent	Create Agent	[{"bearer":["voice-ai-agents.write"]}]
voice-ai	GET	/voice-ai/agents	get-agents	List Agents	[{"bearer":["voice-ai-agents.readonly"]}]
voice-ai	PATCH	/voice-ai/agents/{agentId}	patch-agent	Patch Agent	[{"bearer":["voice-ai-agents.write"]}]
voice-ai	GET	/voice-ai/agents/{agentId}	get-agent	Get Agent	[{"bearer":["voice-ai-agents.readonly"]}]
voice-ai	DELETE	/voice-ai/agents/{agentId}	delete-agent	Delete Agent	[{"bearer":["voice-ai-agents.write"]}]
voice-ai	GET	/voice-ai/dashboard/call-logs	get-call-logs	List Call Logs	[{"bearer":["voice-ai-dashboard.readonly"]}]
voice-ai	GET	/voice-ai/dashboard/call-logs/{callId}	getCallLog	Get Call Log	[{"bearer":["voice-ai-dashboard.readonly"]}]
voice-ai	POST	/voice-ai/actions	create-action	Create Agent Action	[{"bearer":["voice-ai-agent-goals.write"]}]
voice-ai	PUT	/voice-ai/actions/{actionId}	update-action	Update Agent Action	[{"bearer":["voice-ai-agent-goals.write"]}]
voice-ai	GET	/voice-ai/actions/{actionId}	get-action	Get Agent Action	[{"bearer":["voice-ai-agent-goals.readonly"]}]
voice-ai	DELETE	/voice-ai/actions/{actionId}	delete-action	Delete Agent Action	[{"bearer":["voice-ai-agent-goals.write"]}]
workflows	GET	/workflows/	get-workflow	Get Workflow	[{"bearer":["workflows.readonly"]}]
